review_text,label
"This product is amazing! It works exactly as described and arrived quickly. I would definitely recommend it to my friends.",0
"Love it! Great quality for the price.",0
"The GPS on this device is very accurate. Works great during my runs.",0
"Best purchase ever! Im so happy with this product.",0
"This is exactly what I needed. Excellent customer service too!",0
"Poor quality and broke after a week. Not worth the money.",0
"FAKE REVIEW FAKE REVIEW FAKE REVIEW!!! BUY NOW FOR 100% GUARANTEED MONEY!!!",1
"The product is okay but expensive for what you get.",0
"Free money if you click this link!!!",1
"Absolutely terrible. Waste of money. Dont buy.",0
"Works better than expected. Very happy with my purchase.",0
"High quality materials. Definitely worth the investment.",0
"This device changed my life. Cannot recommend enough!",0
"Perfect fit and great color. Arrived in 2 days.",0
"Excellent product. Great value for money.",0
"Complete garbage. Save your money and buy something else.",0
"You can make FREE MONEY with this product! Click here! Prize winner!!",1
"The item is functional but customer service was poor.",0
"I've been using this for 3 months and it's still perfect.",0
"Not as described. Very disappointed with the quality.",0
"Exceeded my expectations! Highly recommend.",0
"Amazing quality and fast shipping. Very impressed.",0
"The product is fine but nothing special.",0
"CLICK NOW FOR FREE 100% GUARANTEED WIN PRIZE MONEY!!!",1
"Exactly as advertised. Will definitely buy again.",0
"Poor craftsmanship. It fell apart after minimal use.",0
"This is the best product I've ever bought in my entire life!!!",0
"Good product at a reasonable price.",0
"Terrible experience. Never buying from this seller again.",0
"Crypto investment opportunity with this product!",1
"Solid build quality. Performs as expected.",0
"The description was misleading. Item is subpar.",0
"Best quality at this price point. Highly satisfied.",0
"This product is SOOOO GOOOOODDDDD!!!!! BEST EVERRRRRRRRR!!!!!!!!",1
"It's a decent product for the price.",0
"Highly recommend to everyone I know.",0
"Shipping took forever and item was damaged.",0
"Perfect for what I needed. Great purchase.",0
"Does exactly what it promises. Happy customer.",0
"Not worth the hype. Overpriced for what it is.",0
"I love this so much! Best decision ever!",0
"The quality has decreased over time.",0
"Outstanding customer support and great product!",0
"Click here for guaranteed free money with this product!",1
"Five stars all the way! Absolutely perfect!",0
"Terrible quality control. Many defects.",0
"Uses and build are top notch.",0
"Don't waste your money on this junk.",0
"I bought this laptop last week and it is super fast. Highly recommended!",0
"product ta khub bhalo",0
"Get 100% free bitcoin",1
"Get free bitcoin in your wallet",1
"khub bhalo product",0
"I Win by purchasing this product",0
"CLICK FOR FREE ACCESS TO THE PREMIUM VERSION!!! NO CHARGE!!!",1
"YOU ARE THE 1,000,000TH VISITOR! CLICK TO CLAIM YOUR PRIZE!",1
"BEST QUALITY IN THE UNIVERSE!!!! NO ONE CAN BEAT US!!!!",1
"CLICK NOW TO RECEIVE A FREE WELCOME GIFT!!! 100% GUARANTEED!!!",1
"DO NOT MISS THIS OPPORTUNITY OF A LIFETIME!!!! BUY NOW!!!!",1
"THE MOST AMAZING PRODUCT EVER MADE!!!! CLICK TO SEE WHY!!!!",1
"FREE MONEY FREE MONEY FREE MONEY FREE MONEY FREE MONEY!!!!",1
"I MADE $10,000 IN ONE HOUR! CLICK HERE TO LEARN HOW!",1
"BEST BEST BEST BEST BEST!!!! FIVE STARS ARE NOT ENOUGH!!!!",1
"CLICK HERE TO JOIN THE EXCLUSIVE CLUB OF WINNERS!!!",1
"GUARANTEED 100% SATISFACTION OR YOUR MONEY BACK!!! CLICK NOW!",1
"This product is SOOOO GOOOOODDDDD!!!!! BEST EVERRRRRRRRR!!!!!!!!!",1
"CLICK NOW FOR A CHANCE TO WIN A FREE IPHONE 15 PRO MAX!!!",1
"I EARNED $5000 IN ONE WEEK USING THIS SECRET METHOD! CLICK TO LEARN MORE!",1
"BEST BEST BEST BEST BEST BEST BEST BEST BEST BEST BEST QUALITY!!!!",1
"BUY NOW OR REGRET FOREVER! LIMITED TIME OFFER 100% OFF!!!",1
"i am a winner by buying this product, you should get it without hesitation",0
"Very average product. Does the job but nothing impressive.",0
"Returned it after 3 days. The screen had dead pixels.",0
"Battery life is phenomenal. Lasts me through the entire day easily.",0
"The packaging was damaged but the product inside was fine.",0
"I've tried many similar products and this is by far the best one.",0
"Customer support helped me resolve the issue within an hour. Impressed!",0
"It's okay for casual use but not suitable for professional work.",0
"My daughter loves it. Perfect birthday gift.",0
"The build feels cheap and plasticky. Expected better at this price.",0
"Setup was a breeze. Had it running in under 5 minutes.",0
"Second time ordering this. Consistently good quality.",0
"The color in the photos doesn't match what I received.",0
"Solid upgrade from my previous model. Noticeable improvement.",0
"It stopped working after the warranty expired. Suspicious timing.",0
"I use it daily for work and it hasn't let me down once.",0
"A bit bulky for my taste but the performance makes up for it.",0
"The manual is poorly written but the product itself is great.",0
"Does not support the features listed on the product page.",0
"Great for beginners. Easy to learn and use.",0
"OMG THIS CHANGED MY LIFE!!! BUY 10 OF THEM RIGHT NOW!!! BEST BEST BEST!!!",1
"USE CODE 'FREE2025' FOR 100% DISCOUNT!!! HURRY LIMITED TIME!!!",1
"THIS PRODUCT CURED MY BACK PAIN, FIXED MY MARRIAGE, AND MADE ME RICH!!!",1
"SUBSCRIBE TO MY CHANNEL FOR FREE GIVEAWAYS AND CLICK THE LINK BELOW!!!",1
"I got paid $500 just for writing this review! You can too! Click here!",1
"★★★★★ FIVE STARS! THE SELLER PROMISED ME A REFUND IF I LEAVE 5 STARS!!!",1
"Join my crypto group and get this product FREE! Link in bio!",1
"AMAZING AMAZING AMAZING AMAZING AMAZING AMAZING AMAZING AMAZING!!!",1
"This seller sent me a gift card to change my 1-star review to 5 stars.",1
"BUY FROM THIS SELLER ONLY!!! ALL OTHERS ARE SCAMMERS!!! TRUST ME!!!",1
"Congratulations! You've been selected for a FREE trial! Click to claim!",1
"My friend works at the factory and says this product is just rebranded cheap parts.",0
"Sound quality is decent for the price range. Don't expect audiophile grade.",0
"I compared this with three competitors and it came out on top for value.",0
"Arrived two weeks late but I can't fault the product quality itself.",0
"Not the quietest fan but it moves a lot of air. Good for summer.",0
